id;name;image;image_content_type
1;Soft Credit Card Account;../fake-data/blob/hipster.png;image/png
2;infomediaries solid state;../fake-data/blob/hipster.png;image/png
3;Soap;../fake-data/blob/hipster.png;image/png
4;override Intelligent Steel Car bus;../fake-data/blob/hipster.png;image/png
5;feed Checking Account;../fake-data/blob/hipster.png;image/png
6;Bike payment;../fake-data/blob/hipster.png;image/png
7;Keyboard Florida;../fake-data/blob/hipster.png;image/png
8;Realigned Oregon Cotton;../fake-data/blob/hipster.png;image/png
9;Oregon;../fake-data/blob/hipster.png;image/png
10;Global interfaces;../fake-data/blob/hipster.png;image/png
